{
    "photos": [
        {
            "id": "1",
            "ph": "../../static/8_schoolphoto/p.jpg",
            "goods": 100
        },
        {
            "id": "2",
            "ph": "../../static/8_schoolphoto/p.jpg",
            "goods": 100
        },
        {
            "id": "3",
            "ph": "../../static/8_schoolphoto/p.jpg",
            "goods": 100
        },
        {
            "id": "4",
            "ph": "../../static/8_schoolphoto/p.jpg",
            "goods": 100
        },
        {
            "id": "5",
            "ph": "../../static/8_schoolphoto/p.jpg",
            "goods": 100
        },
        {
            "id": "6",
            "ph": "../../static/8_schoolphoto/p.jpg",
            "goods": 100
        },
        {
            "id": "7",
            "ph": "../../static/8_schoolphoto/p.jpg",
            "goods": 100
        },
        {
            "id": "8",
            "ph": "../../static/8_schoolphoto/p.jpg",
            "goods": 100
        },
        {
            "id": "9",
            "ph": "../../static/8_schoolphoto/p.jpg",
            "goods": 100
        },
        {
            "id": "10",
            "ph": "../../static/8_schoolphoto/p.jpg",
            "goods": 100
        },
        {
            "id": "11",
            "ph": "../../static/8_schoolphoto/p.jpg",
            "goods": 100
        },
        {
            "id": "12",
            "ph": "../../static/8_schoolphoto/p.jpg",
            "goods": 100
        },
        {
            "id": "13",
            "ph": "../../static/8_schoolphoto/p.jpg",
            "goods": 100
        },
        {
            "id": "14",
            "ph": "../../static/8_schoolphoto/p.jpg",
            "goods": 100
        },
        {
            "id": "15",
            "ph": "../../static/8_schoolphoto/p.jpg",
            "goods": 100
        },
        {
            "id": "16",
            "ph": "../../static/8_schoolphoto/p.jpg",
            "goods": 100
        },
        {
            "id": "17",
            "ph": "../../static/8_schoolphoto/p.jpg",
            "goods": 100
        },
        {
            "id": "18",
            "ph": "../../static/8_schoolphoto/p.jpg",
            "goods": 100
        },
        {
            "id": "19",
            "ph": "../../static/8_schoolphoto/p.jpg",
            "goods": 100
        },
        {
            "id": "20",
            "ph": "../../static/8_schoolphoto/p.jpg",
            "goods": 100
        },
        {
            "id": "21",
            "ph": "../../static/8_schoolphoto/p.jpg",
            "goods": 100
        },
        {
            "id": "22",
            "ph": "../../static/8_schoolphoto/p.jpg",
            "goods": 100
        },
        {
            "id": "23",
            "ph": "../../static/8_schoolphoto/p.jpg",
            "goods": 100
        },
        {
            "id": "24",
            "ph": "../../static/8_schoolphoto/p.jpg",
            "goods": 100
        },
        {
            "id": "25",
            "ph": "../../static/8_schoolphoto/p.jpg",
            "goods": 100
        }
    ]
}