{
    "students": [
        {
            "id": "1",
            "name": "张三",
            "number": "032002xx1"
        },
        {
            "id": "2",
            "name": "李四",
            "number": "032002xx2"
        },
        {
            "id": "3",
            "name": "王五",
            "number": "032002xx3"
        },
        {
            "id": "4",
            "name": "飞机",
            "number": "032002xx4"
        },
        {
            "id": "5",
            "name": "大炮",
            "number": "032002xx5"
        },
        {
            "id": "6",
            "name": "坦克",
            "number": "032002xx6"
        },
        {
            "id": "7",
            "name": "地雷",
            "number": "032002xx7"
        }
    ]
}